Test,YSD,KUHI
2.129898,0
3.384747,1
3.718079,0
3.718079,1
4.051411,0
4.051411,1
4.384747,2
4.718079,0
4.718079,2
5.051411,0
5.051411,1
5.051411,2
5.384747,0
5.384747,1
5.384747,2
5.718079,0
5.718079,1
5.718079,2
